split,accuracy,balanced_accuracy,macro_f1
train_loso,0.5609756097560976,0.5609756097560975,0.5609756097560975
validation,0.5486111111111112,0.548611111111111,0.548611111111111
