split,accuracy,balanced_accuracy,macro_f1
train_loso,0.5813008130081301,0.58130081300813,0.58130081300813
validation,0.5486111111111112,0.5486111111111112,0.5486111111111112
