split,accuracy,balanced_accuracy,macro_f1
train_loso,0.5846883468834688,0.5846883468834688,0.5846883468834688
validation,0.5694444444444444,0.5694444444444445,0.5694444444444445
