k,loso_macro_f1,loso_acc,loso_balanced_acc,val_macro_f1,val_acc,val_balanced_acc
3,0.6016112040651918,0.6016260162601627,0.6016260162601625,0.5238405560986206,0.5243055555555556,0.5243055555555556
5,0.6005994437277882,0.600609756097561,0.600609756097561,0.5204633204633204,0.5208333333333334,0.5208333333333334
10,0.586381686642465,0.5863821138211383,0.5863821138211383,0.524024368176609,0.5243055555555556,0.5243055555555556
