model,available,val_acc,val_macro_f1,val_balanced_acc,n_val
logreg,True,0.5243055555555556,0.5242539338035811,0.5243055555555556,288
rf,True,0.5034722222222222,0.502121640735502,0.5034722222222222,288
xgb,True,0.46875,0.4687435949989752,0.46875,288
subwindow_logreg,True,0.5381944444444444,0.5372515856236786,0.5381944444444444,288
