split,accuracy,balanced_accuracy,macro_f1
train_loso,0.5623306233062331,0.5623306233062331,0.5623306233062331
validation,0.5625,0.5625,0.5625
