split,accuracy,balanced_accuracy,macro_f1
train_loso,0.5386178861788617,0.5386178861788617,0.5386178861788617
validation,0.5393518518518519,0.5393518518518519,0.5393518518518519
