split,accuracy,balanced_accuracy,macro_f1
train_loso,0.551490514905149,0.551490514905149,0.551490514905149
validation,0.5648148148148148,0.5648148148148149,0.5648148148148149
