split,accuracy,balanced_accuracy,macro_f1
train_loso,0.5636856368563685,0.5636856368563686,0.5636856368563686
validation,0.5787037037037037,0.5787037037037037,0.5787037037037037
