split,accuracy,balanced_accuracy,macro_f1
train_loso,0.5765582655826558,0.5765582655826559,0.5765582655826559
validation,0.5879629629629629,0.5879629629629629,0.5879629629629629
