split,accuracy,balanced_accuracy,macro_f1
train_loso,0.5609756097560976,0.5609756097560976,0.5609756097560976
validation,0.5694444444444444,0.5694444444444445,0.5694444444444445
