split,accuracy,balanced_accuracy,macro_f1
train_loso,0.5420054200542005,0.5420054200542005,0.5420054200542005
validation,0.5393518518518519,0.5393518518518519,0.5393518518518519
