split,accuracy,balanced_accuracy,macro_f1
train_loso,0.5765582655826558,0.5765582655826559,0.5765582655826559
validation,0.5949074074074074,0.5949074074074074,0.5949074074074074
