split,accuracy,balanced_accuracy,macro_f1
train_loso,0.5765582655826558,0.5765582655826558,0.5765582655826558
validation,0.5902777777777778,0.5902777777777778,0.5902777777777778
