split,accuracy,balanced_accuracy,macro_f1
train_loso,0.5630081300813008,0.5630081300813008,0.5630081300813008
validation,0.5578703703703703,0.5578703703703703,0.5578703703703703
