split,accuracy,balanced_accuracy,macro_f1
train_loso,0.573170731707317,0.5731707317073171,0.5731707317073171
validation,0.5694444444444444,0.5694444444444444,0.5694444444444444
