split,accuracy,balanced_accuracy,macro_f1
train_loso,0.5616531165311653,0.5616531165311652,0.5616531165311652
validation,0.5717592592592593,0.5717592592592592,0.5717592592592592
