split,accuracy,balanced_accuracy,macro_f1
train_loso,0.55420054200542,0.55420054200542,0.55420054200542
validation,0.5717592592592593,0.5717592592592593,0.5717592592592593
