split,accuracy,balanced_accuracy,macro_f1
train_loso,0.559620596205962,0.559620596205962,0.559620596205962
validation,0.5879629629629629,0.5879629629629629,0.5879629629629629
