split,accuracy,balanced_accuracy,macro_f1
train_loso,0.5853658536585366,0.5853658536585366,0.5853658536585366
validation,0.5648148148148148,0.5648148148148148,0.5648148148148148
