split,accuracy,balanced_accuracy,macro_f1
train_loso,0.5657181571815718,0.5657181571815718,0.5657181571815718
validation,0.5578703703703703,0.5578703703703703,0.5578703703703703
