split,accuracy,balanced_accuracy,macro_f1
train_loso,0.5636856368563685,0.5636856368563685,0.5636856368563685
validation,0.5578703703703703,0.5578703703703703,0.5578703703703703
