split,accuracy,balanced_accuracy,macro_f1
train_loso,0.5392953929539296,0.5392953929539295,0.5392953929539295
validation,0.5370370370370371,0.5370370370370371,0.5370370370370371
