split,accuracy,balanced_accuracy,macro_f1
train_loso,0.5785907859078591,0.5785907859078591,0.5785907859078591
validation,0.5879629629629629,0.587962962962963,0.587962962962963
