split,accuracy,balanced_accuracy,macro_f1
train_loso,0.5264227642276422,0.5264227642276422,0.5264227642276422
validation,0.5486111111111112,0.548611111111111,0.548611111111111
