split,accuracy,balanced_accuracy,macro_f1
train_loso,0.5860433604336044,0.5860433604336044,0.5860433604336044
validation,0.5462962962962963,0.5462962962962963,0.5462962962962963
