split,signal,min,p1,median,p99,max,n_finite
train,Bvp,0.4579216241836548,0.4794677197933197,0.4978525936603546,0.5234705209732056,0.5763263702392578,1475640
train,Eda,0.0,0.0,3.7399001121520996,12.915488243103027,18.792699813842773,1475640
train,Resp,-1.4929499626159668,-0.4425700008869171,-0.030939999967813492,0.5240499973297119,1.4857200384140015,1475640
train,SpO2,0.0,0.23594999313354492,94.0,100.0,100.0,1475640
validation,Bvp,0.24230222404003143,0.4802088439464569,0.4978470206260681,0.5219243168830872,0.6050344109535217,432000
validation,Eda,0.0,0.0,4.118299961090088,11.578399658203125,14.595000267028809,432000
validation,Resp,-1.4893300533294678,-0.5602999925613403,-0.021059999242424965,0.4222399890422821,1.372189998626709,432000
validation,SpO2,2.0,38.0,89.0,100.0,100.0,432000
