split,signal,min,median,max,std,n_shorter_than_1000,n_longer_than_1000,n_equal_1000,n_total
train,Bvp,990,1022.0,1118,15.726393506036988,36,1440,0,1476
train,Eda,990,1022.0,1118,15.726393506036988,36,1440,0,1476
train,Resp,990,1022.0,1118,15.726393506036988,36,1440,0,1476
train,SpO2,990,1022.0,1118,15.726393506036988,36,1440,0,1476
validation,Bvp,1022,1022.0,1022,0.0,0,432,0,432
validation,Eda,1022,1022.0,1022,0.0,0,432,0,432
validation,Resp,1022,1022.0,1022,0.0,0,432,0,432
validation,SpO2,1022,1022.0,1022,0.0,0,432,0,432
