split,accuracy,balanced_accuracy,macro_f1
train_loso,0.5677506775067751,0.567750677506775,0.567750677506775
validation,0.5810185185185185,0.5810185185185185,0.5810185185185185
