split,accuracy,balanced_accuracy,macro_f1
train_loso,0.5548780487804879,0.5548780487804877,0.5548780487804877
validation,0.5532407407407407,0.5532407407407408,0.5532407407407408
