split,accuracy,balanced_accuracy,macro_f1
train_loso,0.5745257452574526,0.5745257452574526,0.5745257452574526
validation,0.5925925925925926,0.5925925925925927,0.5925925925925927
