split,accuracy,balanced_accuracy,macro_f1
train_loso,0.5779132791327913,0.5779132791327913,0.5779132791327913
validation,0.5925925925925926,0.5925925925925927,0.5925925925925927
