split,accuracy,balanced_accuracy,macro_f1
train_loso,0.5447154471544715,0.5447154471544715,0.5447154471544715
validation,0.5324074074074074,0.5324074074074074,0.5324074074074074
