split,accuracy,balanced_accuracy,macro_f1
train_loso,0.5819783197831978,0.5819783197831978,0.5819783197831978
validation,0.5370370370370371,0.5370370370370371,0.5370370370370371
