split,accuracy,balanced_accuracy,macro_f1
train_loso,0.5602981029810298,0.5602981029810298,0.5602981029810298
validation,0.5972222222222222,0.5972222222222223,0.5972222222222223
