split,accuracy,balanced_accuracy,macro_f1
train_loso,0.5609756097560976,0.5609756097560975,0.5609756097560975
validation,0.5578703703703703,0.5578703703703703,0.5578703703703703
