split,accuracy,balanced_accuracy,macro_f1
train_loso,0.5752032520325203,0.5752032520325203,0.5752032520325203
validation,0.5740740740740741,0.5740740740740741,0.5740740740740741
