split,accuracy,balanced_accuracy,macro_f1
train_loso,0.5643631436314364,0.5643631436314364,0.5643631436314364
validation,0.5856481481481481,0.585648148148148,0.585648148148148
