split,accuracy,balanced_accuracy,macro_f1
train_loso,0.5582655826558266,0.5582655826558266,0.5582655826558266
validation,0.6041666666666666,0.6041666666666666,0.6041666666666666
