split,accuracy,balanced_accuracy,macro_f1
train_loso,0.5887533875338753,0.5887533875338753,0.5887533875338753
validation,0.5740740740740741,0.5740740740740741,0.5740740740740741
