split,accuracy,balanced_accuracy,macro_f1
train_loso,0.5880758807588076,0.5880758807588076,0.5880758807588076
validation,0.5555555555555556,0.5555555555555555,0.5555555555555555
