split,accuracy,balanced_accuracy,macro_f1
train_loso,0.5392953929539296,0.5392953929539296,0.5392953929539296
validation,0.5671296296296297,0.5671296296296297,0.5671296296296297
