split,accuracy,balanced_accuracy,macro_f1
train_loso,0.5785907859078591,0.5785907859078591,0.5785907859078591
validation,0.5671296296296297,0.5671296296296297,0.5671296296296297
