split,accuracy,balanced_accuracy,macro_f1
train_loso,0.575880758807588,0.5758807588075882,0.5758807588075882
validation,0.5532407407407407,0.5532407407407408,0.5532407407407408
