split,accuracy,balanced_accuracy,macro_f1
train_loso,0.5589430894308943,0.5589430894308943,0.5589430894308943
validation,0.5347222222222222,0.5347222222222222,0.5347222222222222
