subject,f1,acc
7,0.6666666666666666,0.6666666666666666
9,0.6666666666666666,0.6666666666666666
10,0.6666666666666666,0.6666666666666666
14,0.6944444444444445,0.6944444444444444
19,0.5277777777777778,0.5277777777777778
35,0.47222222222222227,0.4722222222222222
38,0.6111111111111112,0.6111111111111112
39,0.6111111111111112,0.6111111111111112
40,0.5,0.5
61,0.5833333333333334,0.5833333333333334
62,0.4444444444444445,0.4444444444444444
65,0.7222222222222223,0.7222222222222222
