subject,f1,acc
7,0.6666666666666666,0.6666666666666666
9,0.6388888888888888,0.6388888888888888
10,0.6944444444444445,0.6944444444444444
14,0.6111111111111112,0.6111111111111112
19,0.5555555555555555,0.5555555555555556
35,0.5277777777777778,0.5277777777777778
38,0.638888888888889,0.6388888888888888
39,0.638888888888889,0.6388888888888888
40,0.47222222222222215,0.4722222222222222
61,0.5277777777777778,0.5277777777777778
62,0.5,0.5
65,0.6388888888888888,0.6388888888888888
