split,accuracy,balanced_accuracy,macro_f1
train_loso,0.5602981029810298,0.5602981029810298,0.5602981029810298
validation,0.5532407407407407,0.5532407407407407,0.5532407407407407
