split,accuracy,balanced_accuracy,macro_f1
train_loso,0.5575880758807588,0.5575880758807588,0.5575880758807588
validation,0.5787037037037037,0.5787037037037037,0.5787037037037037
