split,accuracy,balanced_accuracy,macro_f1
train_loso,0.5616531165311653,0.5616531165311653,0.5616531165311653
validation,0.5509259259259259,0.5509259259259259,0.5509259259259259
