split,accuracy,balanced_accuracy,macro_f1
train_loso,0.5718157181571816,0.5718157181571816,0.5718157181571816
validation,0.5324074074074074,0.5324074074074074,0.5324074074074074
