metric,hard_mean,hard_median,easy_mean,easy_median,delta_mean,cliffs_delta_easy_vs_hard
reactivity_l2,178370.99560546875,94030.87890625,572711.748815918,444183.34375,394340.75321044924,0.56
reactivity_mean,868.1158218383789,477.8776550292969,2785.6366819381715,2206.39990234375,1917.5208600997926,0.56
arm_hand_sep_mean,0.1977588383838384,0.17440025252525254,0.20522411616161618,0.2101483585858586,0.007465277777777779,0.1
arm_hand_sep_max,0.5416666666666667,0.5555555555555556,0.5409722222222222,0.5208333333333333,-0.000694444444444553,-0.11
nan_frac,0.0,0.0,0.0,0.0,0.0,0.0
within_std_mean,3137.4565246582033,2423.801513671875,3595.7614509582518,3204.2413330078125,458.30492630004846,0.02
