strategy,model,n_features,loso_macro_f1,loso_acc,loso_per_subject_std,loso_per_subject_min,val_macro_f1,val_acc,val_per_subject_std,val_per_subject_min
subject_robust,logreg,20,0.5589430894308943,0.5589430894308943,0.0995312564771975,0.3333333333333333,0.5208333333333334,0.5208333333333334,0.09081039465709737,0.3333333333333333
nopain_z,logreg,20,0.532520325203252,0.532520325203252,0.09362839679903269,0.3333333333333333,0.5,0.5,0.08333333333333336,0.3333333333333333
