split,accuracy,balanced_accuracy,macro_f1
train_loso,0.5643631436314364,0.5643631436314364,0.5643631436314364
validation,0.5578703703703703,0.5578703703703703,0.5578703703703703
