model,feature_set,norm,calibration,anchor,anchor_lambda,scaler,n_features,loso_acc_mean,loso_acc_std,loso_acc_min,val_acc_mean,val_acc_std,val_acc_min,loso_auc,val_auc
logreg,bvp_eda_core,subject_robust,sigmoid,none,0.5,std,98,0.8333333333333333,0.11378887141039032,0.4444444444444444,0.7824074074074074,0.08005377993421565,0.6666666666666666,0.8909709828805605,0.8626060956790124
logreg,bvp_eda_core,subject_robust,sigmoid,center,0.5,std,98,0.8373983739837397,0.10724313787213755,0.5,0.7916666666666666,0.07216878364870322,0.6666666666666666,0.8808620860598848,0.8598572530864197
