split,accuracy,balanced_accuracy,macro_f1
train_loso,0.5291327913279132,0.5291327913279132,0.5291327913279132
validation,0.5439814814814815,0.5439814814814815,0.5439814814814815
