split,accuracy,balanced_accuracy,macro_f1
train_loso,0.5704607046070461,0.5704607046070461,0.5704607046070461
validation,0.5879629629629629,0.5879629629629629,0.5879629629629629
