split,accuracy,balanced_accuracy,macro_f1
train_loso,0.5880758807588076,0.5880758807588076,0.5880758807588076
validation,0.5532407407407407,0.5532407407407408,0.5532407407407408
