split,accuracy,balanced_accuracy,macro_f1
train_loso,0.5772357723577236,0.5772357723577236,0.5772357723577236
validation,0.5601851851851852,0.5601851851851852,0.5601851851851852
