split,accuracy,balanced_accuracy,macro_f1
train_loso,0.5643631436314364,0.5643631436314364,0.5643631436314364
validation,0.5486111111111112,0.548611111111111,0.548611111111111
