split,accuracy,balanced_accuracy,macro_f1
train_loso,0.5887533875338753,0.5887533875338753,0.5887533875338753
validation,0.5532407407407407,0.5532407407407407,0.5532407407407407
