split,accuracy,balanced_accuracy,macro_f1
train_loso,0.5304878048780488,0.5304878048780487,0.5304878048780487
validation,0.5416666666666666,0.5416666666666666,0.5416666666666666
