split,accuracy,balanced_accuracy,macro_f1
train_loso,0.5663956639566395,0.5663956639566395,0.5663956639566395
validation,0.5046296296296297,0.5046296296296297,0.5046296296296297
