split,accuracy,balanced_accuracy,macro_f1
train_loso,0.5833333333333334,0.5833333333333334,0.5833333333333334
validation,0.5370370370370371,0.5370370370370371,0.5370370370370371
