split,accuracy,balanced_accuracy,macro_f1
train_loso,0.5630081300813008,0.5630081300813008,0.5630081300813008
validation,0.5648148148148148,0.5648148148148148,0.5648148148148148
