split,accuracy,balanced_accuracy,macro_f1
train_loso,0.537940379403794,0.537940379403794,0.537940379403794
validation,0.5648148148148148,0.5648148148148149,0.5648148148148149
