split,accuracy,balanced_accuracy,macro_f1
train_loso,0.5792682926829268,0.5792682926829268,0.5792682926829268
validation,0.5671296296296297,0.5671296296296297,0.5671296296296297
