split,accuracy,balanced_accuracy,macro_f1
train_loso,0.5684281842818428,0.5684281842818428,0.5684281842818428
validation,0.5740740740740741,0.5740740740740741,0.5740740740740741
