split,accuracy,balanced_accuracy,macro_f1
train_loso,0.5650406504065041,0.5650406504065041,0.5650406504065041
validation,0.5555555555555556,0.5555555555555556,0.5555555555555556
