split,accuracy,balanced_accuracy,macro_f1
train_loso,0.5772357723577236,0.5772357723577236,0.5772357723577236
validation,0.5925925925925926,0.5925925925925927,0.5925925925925927
