split,accuracy,balanced_accuracy,macro_f1
train_loso,0.5298102981029811,0.529810298102981,0.529810298102981
validation,0.5439814814814815,0.5439814814814815,0.5439814814814815
