split,accuracy,balanced_accuracy,macro_f1
train_loso,0.537940379403794,0.537940379403794,0.537940379403794
validation,0.5671296296296297,0.5671296296296297,0.5671296296296297
