split,accuracy,balanced_accuracy,macro_f1
train_loso,0.5806233062330624,0.5806233062330622,0.5806233062330622
validation,0.5925925925925926,0.5925925925925927,0.5925925925925927
