split,accuracy,balanced_accuracy,macro_f1
train_loso,0.5697831978319783,0.5697831978319784,0.5697831978319784
validation,0.5625,0.5625,0.5625
