split,accuracy,balanced_accuracy,macro_f1
train_loso,0.5670731707317073,0.5670731707317073,0.5670731707317073
validation,0.5578703703703703,0.5578703703703703,0.5578703703703703
