split,accuracy,balanced_accuracy,macro_f1
train_loso,0.5453929539295393,0.5453929539295392,0.5453929539295392
validation,0.5324074074074074,0.5324074074074074,0.5324074074074074
