split,accuracy,balanced_accuracy,macro_f1
train_loso,0.5840108401084011,0.5840108401084011,0.5840108401084011
validation,0.5578703703703703,0.5578703703703703,0.5578703703703703
