split,accuracy,balanced_accuracy,macro_f1
train_loso,0.5609756097560976,0.5609756097560975,0.5609756097560975
validation,0.5717592592592593,0.5717592592592592,0.5717592592592592
