split,accuracy,balanced_accuracy,macro_f1
train_loso,0.575880758807588,0.5758807588075882,0.5758807588075882
validation,0.5810185185185185,0.5810185185185186,0.5810185185185186
