split,accuracy,balanced_accuracy,macro_f1
train_loso,0.5623306233062331,0.5623306233062331,0.5623306233062331
validation,0.5509259259259259,0.5509259259259259,0.5509259259259259
